UserOwner,AlbumName,SongReleaseDate,ArtistName,SongIsExplicit,SongName,PlaylistName
markettes99,Mazde X LissA,2015-07-31,Mazde,False,Battas,Electrónica
markettes99,Dancin (feat. Luvli) [Krono Remix],2014-11-07,Aaron Smith,False,Dancin (feat. Luvli) - Krono Remix,Electrónica
markettes99,Providence,2016-02-05,Hippie Sabotage,False,Devil Eyes,Electrónica
markettes99,Presence,2017-11-10,Petit Biscuit,False,Sunset Lover,Electrónica
markettes99,Coffee,2019-01-11,Hippie Sabotage,False,Coffee,Electrónica
markettes99,Drifter,2017-05-19,Hippie Sabotage,False,Rogues,Electrónica
markettes99,Play Me Like A Violin,2018-02-09,Stephen,False,Play Me Like A Violin,Electrónica
markettes99,We Were Young (The Playlist),2019-07-26,Petit Biscuit,False,You,Electrónica
markettes99,Rushing Back (Petit Biscuit Remix),2019-10-23,Flume,False,Rushing Back - Petit Biscuit Remix,Electrónica
markettes99,Old Friend,2018-11-27,Elderbrook,False,Bird Song,Electrónica
markettes99,Rushing Back,2019-09-25,Flume,False,Rushing Back,Electrónica
markettes99,NOVA,2018-07-27,RL Grime,False,Atoms,Electrónica
markettes99,Can We Kiss Forever?,2018-08-31,Kina,False,Can We Kiss Forever?,Electrónica
markettes99,No Idea,2019-05-29,Don Toliver,False,No Idea,Electrónica
markettes99,Moon Rider (feat. Wrabel),2020-01-14,Jai Wolf,False,Moon Rider (feat. Wrabel),Electrónica
markettes99,Falling,2018-10-05,Trevor Daniel,False,Falling,Electrónica
markettes99,Roses (Imanbek Remix),2019-10-09,SAINt JHN,True,Roses - Imanbek Remix,Electrónica
markettes99,The Singles Plus,1987-10-19,The Animals,False,House of the Rising Sun,Acoustic Songs
markettes99,Love Is a Four Letter Word (Deluxe Edition),2012-04-13,Jason Mraz,False,I Won't Give Up,Acoustic Songs
markettes99,Rumours,1977-02-04,Fleetwood Mac,False,Never Going Back Again - 2004 Remaster,Acoustic Songs
markettes99,Fast Car (Acoustic),2016-02-01,Jonas Blue,False,Fast Car - Acoustic,Acoustic Songs
markettes99,Sunday Night Sessions,2017-07-02,Passenger,False,Fast Car (Cover),Acoustic Songs
markettes99,Greatest Hits,2009-11-03,Foo Fighters,False,Everlong - Acoustic Version,Acoustic Songs
markettes99,Wish You Were Here (Remastered Version),1975-09-12,Pink Floyd,False,Wish You Were Here - 2011 Remaster,Acoustic Songs
markettes99,Nimrod,1997-10-14,Green Day,True,Good Riddance (Time of Your Life),Acoustic Songs
markettes99,Make Yourself,1999-10-26,Incubus,False,Drive,Acoustic Songs
markettes99,Harvest (2009 Remaster),1972-02-14,Neil Young,False,Heart of Gold - 2009 Remaster,Acoustic Songs
markettes99,Who's Next,1971-08-14,The Who,False,Behind Blue Eyes,Acoustic Songs
markettes99,Goats Head Soup (Remastered 2009),1973-08-31,The Rolling Stones,False,Angie,Acoustic Songs
markettes99,American IV: The Man Comes Around,2002-01-01,Johnny Cash,False,Hurt,Acoustic Songs
markettes99,Led Zeppelin (Remaster),1969-01-12,Led Zeppelin,False,Babe I'm Gonna Leave You - Remaster,Acoustic Songs
markettes99,In Between Dreams,2005-01-01,Jack Johnson,False,Banana Pancakes,Acoustic Songs
markettes99,Even In The Quietest Moments,1977-01-01,Supertramp,False,Give A Little Bit,Acoustic Songs
markettes99,Ten Summoner's Tales,1993-03-09,Sting,False,Shape Of My Heart,Acoustic Songs
markettes99,The Beatles (Remastered),1968-11-22,The Beatles,False,Blackbird - Remastered 2009,Acoustic Songs
markettes99,Continuum,2006-09-11,John Mayer,False,Stop This Train,Acoustic Songs
markettes99,"The John Denver Collection, Vol 1: Take Me Home Country Roads",1997-06-17,John Denver,False,"Take Me Home, Country Roads",Acoustic Songs
markettes99,Clapton Chronicles: The Best of Eric Clapton,1999-10-12,Eric Clapton,False,Tears in Heaven,Acoustic Songs
markettes99,Stadium Arcadium,2006-05-09,Red Hot Chili Peppers,False,Slow Cheetah,Acoustic Songs
markettes99,"Wednesday Morning, 3 A.M.",1964-10-19,Simon & Garfunkel,False,The Sound of Silence - Acoustic Version,Acoustic Songs
markettes99,The Hobbit - The Desolation Of Smaug (Original Motion Picture Soundtrack / Special Edition),2013-01-01,Ed Sheeran,False,"I See Fire - From ""The Hobbit - The Desolation Of Smaug""",Acoustic Songs
markettes99,All The Little Lights,2012-11-05,Passenger,False,Let Her Go - Acoustic,Acoustic Songs
markettes99,Hotel California (2013 Remaster),1976-12-08,Eagles,False,Hotel California - 2013 Remaster,Acoustic Songs
markettes99,Abbey Road (Remastered),1969-09-26,The Beatles,False,Here Comes The Sun - Remastered 2009,Acoustic Songs
markettes99,In Absentia,2002-09-24,Porcupine Tree,False,Trains,Acoustic Songs
markettes99,Out Of Time (25th Anniversary Edition),1991-03-12,R.E.M.,False,Losing My Religion,Acoustic Songs
markettes99,Jolene,1974-02-04,Dolly Parton,False,Jolene,Acoustic Songs
markettes99,The Dance,1997-08-19,Fleetwood Mac,False,"Big Love - Live at Warner Brothers Studios in Burbank, CA 5/23/97",Acoustic Songs
markettes99,Continuum,2006-09-11,John Mayer,False,Slow Dancing in a Burning Room,Acoustic Songs
markettes99,Abc,2019-08-30,Guitarricadelafuente,False,ABC,Wake up
markettes99,The Beauty Between,2017-08-18,Kings Kaleidoscope,False,Sticks & Stones,Wake up
markettes99,Zeal,2019-04-05,Kings Kaleidoscope,False,A Little Bit of Faith,Wake up
markettes99,Zeal,2019-04-05,Kings Kaleidoscope,False,"Jumping from Jaded Heights (The Rush, Pt. 2)",Wake up
markettes99,Hollywood's Bleeding,2019-09-06,Post Malone,False,Sunflower - Spider-Man: Into the Spider-Verse,Wake up
markettes99,ASCEND,2019-08-16,ILLENIUM,False,In Your Arms (with X Ambassadors),Wake up
markettes99,El Conticinio,2018-10-16,Guitarricadelafuente,False,El Conticinio,Wake up
markettes99,Up 2 U,2018-07-27,Chec,False,Up 2 U,Wake up
markettes99,Hollywood's Bleeding,2019-09-06,Post Malone,True,Goodbyes (feat. Young Thug),Wake up
markettes99,Hollywood's Bleeding,2019-09-06,Post Malone,False,Circles,Wake up
markettes99,Memories,2019-09-20,Maroon 5,False,Memories,Wake up
markettes99,Soul Searching,2019-08-09,Bazzi,True,No Way!,Wake up
markettes99,Discovery,2001-03-12,Daft Punk,False,Digital Love,Wake up
markettes99,Pop,1997-03-03,U2,False,Wake Up Dead Man,Wake up
markettes99,Sun Is Shining,2019-08-09,Lost Frequencies,False,Sun Is Shining,Wake up
markettes99,Dancin (feat. Luvli) [Krono Remix],2014-11-07,Aaron Smith,False,Dancin (feat. Luvli) - Krono Remix,Wake up
markettes99,Sixtinain,2018-12-07,Guitarricadelafuente,False,Sixtinain,Wake up
markettes99,Used To Love (with Dean Lewis),2019-10-31,Martin Garrix,False,Used To Love (with Dean Lewis),Wake up
markettes99,Black & Blue (The Remixes),2019-12-06,Lost Frequencies,False,Black & Blue,Wake up
markettes99,Nacido pa ganar,2019-02-06,Guitarricadelafuente,False,Nacido pa ganar,Wake up
markettes99,Alive And Feeling Fine,2019-10-04,Lost Frequencies,False,Like I Love You,Wake up
markettes99,death bed (coffee for your head),2020-02-08,Powfu,False,death bed (coffee for your head),Wake up
markettes99,Hotel Diablo,2019-07-05,Machine Gun Kelly,True,Candy (feat. Trippie Redd),Wake up
markettes99,Some Say,2019-09-06,Nea,False,Some Say,Wake up
markettes99,A Beautiful Mind (Soundtrack),2001-01-01,James Horner,False,All Love Can Be - A Beautiful Mind/Soundtrack Version,Bandas sonoras
markettes99,Level 4,2015-02-18,Video Games Live,False,Uncharted 2 (Live),Bandas sonoras
markettes99,Assassin’s Creed 3 (Original Game Soundtrack),2012-10-30,Lorne Balfe,False,Fight Club,Bandas sonoras
markettes99,Braveheart - Original Motion Picture Soundtrack,1995-01-01,James Horner,False,For The Love Of A Princess,Bandas sonoras
markettes99,Cloud Atlas,2012-11-02,Tom Tykwer,False,Prelude: The Atlas March,Bandas sonoras
markettes99,Run Boy Run,2013-01-01,Woodkid,False,Run Boy Run - Instrumental,Bandas sonoras
markettes99,"War Thunder: Air Forces, Vol.1 (Original Game Soundtrack)",2014-12-01,Gaijin Entertainment,False,"Arise, Great Country!",Bandas sonoras
markettes99,The Blue Notebooks,2014-01-01,Max Richter,False,On The Nature Of Daylight,Bandas sonoras
markettes99,Amélie (Original Soundtrack),2001-04-23,Yann Tiersen,False,"Comptine d'un autre été, l'après-midi",Bandas sonoras
markettes99,Islands - Essential Einaudi (Deluxe Version),2011-01-01,Ludovico Einaudi,False,Divenire,Bandas sonoras
markettes99,The Assassination of Jesse James By the Coward Robert Ford,2008-09-17,Nick Cave,False,Song for Bob,Bandas sonoras
markettes99,First Love (Yiruma Piano Collection),2001-11-27,Yiruma,False,River Flows In You - Original,Bandas sonoras
markettes99,Game Of Thrones (Music From The HBO Series),2011-06-28,Ramin Djawadi,False,Main Title,Bandas sonoras
markettes99,Up! Original Soundtrack,2009-01-01,Michael Giacchino,False,Married Life,Bandas sonoras
markettes99,The Hobbit: An Unexpected Journey Original Motion Picture Soundtrack (International Version),2012-01-01,Howard Shore,False,Over Hill,Bandas sonoras
markettes99,Kung Fu Panda,2008-01-01,Hans Zimmer,False,Oogway Ascends,Bandas sonoras
markettes99,From The Yellow Room,2003-10-23,Yiruma,False,Kiss The Rain - Original,Bandas sonoras
markettes99,The Hobbit: An Unexpected Journey Original Motion Picture Soundtrack (International Version),2012-01-01,Neil Finn,False,Song Of The Lonely Mountain,Bandas sonoras
markettes99,LUCHA POR LA VIDA,2004-09-28,Santana,False,Samba Pa'ti,Bandas sonoras
markettes99,Piano & Chill,2016-07-31,Leslie Jones,False,Fireflies,Bandas sonoras
markettes99,The Hobbit: An Unexpected Journey Original Motion Picture Soundtrack (International Version),2012-01-01,Richard Armitage,False,Misty Mountains,Bandas sonoras
markettes99,AVATAR Music From The Motion Picture Music Composed and Conducted by James Horner,2009-12-07,James Horner,False,"Becoming one of ""The People"" Becoming one with Neytiri",Bandas sonoras
markettes99,Una Mattina,2004-01-01,Ludovico Einaudi,False,Nuvole Bianche,Bandas sonoras
markettes99,Islands - Essential Einaudi (Deluxe Version),2011-01-01,Ludovico Einaudi,False,Primavera,Bandas sonoras
markettes99,Blood Diamond (Original Motion Picture Soundtrack),2006-12-19,James Newton Howard,False,London,Bandas sonoras
markettes99,Forrest Gump - Original Motion Picture Score,1994-08-02,Alan Silvestri,False,I'm Forrest... Forrest Gump,Bandas sonoras
markettes99,Star Wars: El Ataque de los Clones (Banda Sonora Original),2002-04-23,John Williams,False,"Across the Stars (Love Theme from ""Star Wars: Attack of the Clones"")",Bandas sonoras
markettes99,Inception (Music From The Motion Picture),2010-07-09,Hans Zimmer,False,Time,Bandas sonoras
markettes99,Transformers: The Score,2007-10-01,Steve Jablonsky,False,Arrival to Earth,Bandas sonoras
markettes99,The Lord of the Rings: The Fellowship of the Ring (Original Motion Picture Soundtrack),2001-11-19,Howard Shore,False,Concerning Hobbits,Bandas sonoras
markettes99,Wintermusik,2009-12-04,Nils Frahm,False,Ambre,Bandas sonoras
markettes99,Epic Themes,2015-07-10,London Music Works,False,"The Avengers (From ""Avengers Assemble"")",Bandas sonoras
markettes99,Beyond Your Skin,2011-12-15,Hannah Atkins,False,Dream,Bandas sonoras
markettes99,Transformers: The Score,2007-10-01,Steve Jablonsky,False,Autobots,Bandas sonoras
markettes99,Bluebird,2017-09-22,Alexis Ffrench,False,Bluebird,Bandas sonoras
markettes99,100 Greatest Film Themes,2012-02-20,The City of Prague Philharmonic Orchestra,False,"The Fellowship (From ""The Lord Of The Rings: The Fellowship Of The Ring"")",Bandas sonoras
markettes99,"Fine Music, Vol. 1",2011-02-01,Anonymous ,False,"Preludes, Book 1: No. 8. La fille aux cheveux de lin (The Girl with the Flaxen Hair) (arr. for clarinet and orchestra)",Bandas sonoras
markettes99,English Fantasy: Music for Clarinet and Orchestra,2016-08-12,Paul Reade,False,Suite from The Victorian Kitchen Garden: V. Summer,Bandas sonoras
markettes99,"Camille Saint-Saëns, Carnaval des Animaux",2003-01-01,Camille Saint-Saëns,False,"Carnaval des Animaux, Aquarium",Bandas sonoras
markettes99,The Crimson Wing: Mystery Of The Flamingos,2008-01-01,The Cinematic Orchestra,False,Arrival of the Birds,Bandas sonoras
markettes99,1996,1996,Ryuichi Sakamoto,False,Merry Christmas Mr. Lawrence,Bandas sonoras
markettes99,Community Favorites,2015-02-14,Waterflame,False,Glorious Morning,Bandas sonoras
markettes99,Waves,2013-11-22,Mr. Probz,False,Waves,OldSchool
markettes99,Giant (with Rag'n'Bone Man),2019-01-11,Calvin Harris,False,Giant (with Rag'n'Bone Man),OldSchool
markettes99,The Days / Nights,2014-01-01,Avicii,False,The Nights,OldSchool
markettes99,Human (Deluxe),2017-02-10,Rag'n'Bone Man,False,Human,OldSchool
markettes99,Forever,2015-05-26,OneRepublic,False,If I Lose Myself - Alesso vs OneRepublic,OldSchool
markettes99,High On Life (feat. Bonn),2018-07-29,Martin Garrix,False,High On Life (feat. Bonn),OldSchool
markettes99,Evolve,2017-06-23,Imagine Dragons,False,Next To Me,OldSchool
markettes99,Lukas Graham,2016-04-01,Lukas Graham,False,Mama Said,OldSchool
markettes99,Lukas Graham,2016-04-01,Lukas Graham,False,7 Years,OldSchool
markettes99,Doo-Wops & Hooligans,2010-10-05,Bruno Mars,False,Just the Way You Are,OldSchool
markettes99,Mylo Xyloto,2011-10-24,Coldplay,False,Paradise,OldSchool
markettes99,Doo-Wops & Hooligans,2010-10-05,Bruno Mars,False,The Lazy Song,OldSchool
markettes99,The Heist,2012-10-10,Macklemore & Ryan Lewis,True,Thrift Shop (feat. Wanz),OldSchool
markettes99,All The Little Lights,2012-11-05,Passenger,False,Let Her Go,OldSchool
markettes99,Love In The Future (Expanded Edition),2013-08-30,John Legend,False,All of Me,OldSchool
markettes99,True,2013-09-13,Avicii,False,Wake Me Up,OldSchool
markettes99,Native,2013-01-01,OneRepublic,False,Counting Stars,OldSchool
markettes99,x (Deluxe Edition),2014-06-21,Ed Sheeran,False,Thinking out Loud,OldSchool
markettes99,Faded,2015-12-04,Alan Walker,False,Faded,OldSchool
markettes99,See You Again (feat. Charlie Puth),2015,Wiz Khalifa,False,See You Again (feat. Charlie Puth),OldSchool
markettes99,Closer,2016-07-29,The Chainsmokers,False,Closer,OldSchool
markettes99,Memories...Do Not Open,2017-04-07,The Chainsmokers,False,Something Just Like This,OldSchool
markettes99,÷ (Deluxe),2017-03-03,Ed Sheeran,False,Perfect,OldSchool
markettes99,Girls Like You (feat. Cardi B),2018-05-30,Maroon 5,True,Girls Like You (feat. Cardi B) - Cardi B Version,OldSchool
markettes99,Despicable Me 2 (Original Motion Picture Soundtrack),2013-06-18,Pharrell Williams,False,Happy,OldSchool
markettes99,Happy Now,2018-10-26,Kygo,False,Happy Now,OldSchool
markettes99,Let It Go,2018-12-12,Kalom,False,Let It Go,OldSchool
markettes99,Lead Me Back,2019-02-22,San Holo,False,Lead Me Back,OldSchool
markettes99,Lines of the Broken,2017-05-16,DROELOE,False,Lines of the Broken,OldSchool
markettes99,Light,2017-02-10,San Holo,False,Light,OldSchool
markettes99,Pray for the Wicked,2018-06-22,Panic! At The Disco,False,High Hopes,OldSchool
markettes99,Next To Me,2015-05-08,Otto Knows,False,Next to Me,OldSchool
markettes99,In The End,2019-03-22,Tommee Profitt,False,In The End - Mellen Gi Remix,OldSchool
markettes99,Wow.,2018-12-24,Post Malone,True,Wow.,OldSchool
markettes99,Speechless (feat. Erika Sirola),2018-11-16,Robin Schulz,False,Speechless (feat. Erika Sirola),OldSchool
markettes99,Want Love,2019-02-22,JLV,False,Want Love,OldSchool
markettes99,SOS,2019-04-10,Avicii,False,SOS,OldSchool
markettes99,Almost Home,2013-05-28,Kid Ink,True,Money and the Power,OldSchool
markettes99,Forever Young,2018-07-27,John De Sohn,False,Forever Young,OldSchool
markettes99,Old Town Road,2019-04-05,Lil Nas X,False,Old Town Road (feat. Billy Ray Cyrus) - Remix,OldSchool
markettes99,La Fiesta del Vivir,2019-05-09,Pablo Moreno,False,La Fiesta del Vivir,OldSchool
markettes99,I Don't Care (with Justin Bieber),2019-05-10,Ed Sheeran,False,I Don't Care (with Justin Bieber),OldSchool
markettes99,Sixteen (Don Diablo Remix),2019-05-10,Ellie Goulding,False,Sixteen - Don Diablo Remix,OldSchool
markettes99,Summer Days (feat. Macklemore & Patrick Stump of Fall Out Boy),2019-04-25,Martin Garrix,True,Summer Days (feat. Macklemore & Patrick Stump of Fall Out Boy),OldSchool
markettes99,Better,2018-09-14,Khalid,False,Better,OldSchool
markettes99,It's You,2019-06-14,Ali Gatie,False,It's You,OldSchool
11124830059,Band of Brothers - Original Motion Picture Soundtrack,2001-07-19,London Metropolitan Orchestra,False,Austria - Instrumental,BSO study
11124830059,Lord of the Rings 3 - The Return of the King,2003-11-24,Howard Shore,False,The Ride of the Rohirrim,BSO study
11124830059,AVATAR Music From The Motion Picture Music Composed and Conducted by James Horner,2009-12-07,James Horner,False,The bioluminescence of the night,BSO study
11124830059,Transformers: The Score,2007-10-01,Steve Jablonsky,False,Autobots,BSO study
11124830059,The Hobbit: An Unexpected Journey Original Motion Picture Soundtrack (International Version),2012-01-01,Howard Shore,False,My Dear Frodo,BSO study
11124830059,Kingdom of Heaven (Original Motion Picture Soundtrack),2005-04-26,Harry Gregson-Williams,False,Crusaders,BSO study
11124830059,100 Greatest Film Themes,2012-02-20,The City of Prague Philharmonic Orchestra,False,"The Fellowship (From ""The Lord Of The Rings: The Fellowship Of The Ring"")",BSO study
11124830059,Band of Brothers - Original Motion Picture Soundtrack,2001-07-19,London Metropolitan Orchestra,False,Boy Eats Chocolate - Instrumental,BSO study
11124830059,Armageddon - Original Motion Picture Score,1998-11-10,Trevor Rabin,False,Launch,BSO study
11124830059,Star Wars Episode III: Revenge of the Sith [Original Motion Picture Soundtrack],2005,John Williams,False,Battle of the Heroes,BSO study
11124830059,The Pacific (Music From the HBO Miniseries),2010-03-09,Hans Zimmer,False,Honor [For Oboe And Strings],BSO study
11124830059,The Hobbit: An Unexpected Journey Original Motion Picture Soundtrack (Deluxe Version),2012-01-01,Neil Finn,False,Song Of The Lonely Mountain - Extended Version,BSO study
11124830059,Band of Brothers - Original Motion Picture Soundtrack,2001-07-19,London Metropolitan Orchestra,False,Preparing For Patrol - Instrumental,BSO study
11124830059,Gladiator - Music From The Motion Picture,2000-01-01,Lisa Gerrard,False,Now We Are Free,BSO study
11124830059,Escala,2009-05-25,Escala,False,Palladio,BSO study
11124830059,The Dark Knight (Original Motion Picture Soundtrack),2008-07-14,Hans Zimmer,False,I'm Not a Hero,BSO study
11124830059,Angels & Demons (Original Motion Picture Soundtrack),2009-05-08,Hans Zimmer,False,503,BSO study
11124830059,Best Of,2008-07-29,Michael Kamen,False,Robin Hood,BSO study
11124830059,Kingdom of Heaven (Original Motion Picture Soundtrack),2005-04-26,Harry Gregson-Williams,False,Burning the Past,BSO study
11124830059,Braveheart - Original Motion Picture Soundtrack,1995-01-01,James Horner,False,The Secret Wedding,BSO study
11124830059,Jurassic Park (Soundtrack),1993-01-01,John Williams,False,"Theme From Jurassic Park - From ""Jurassic Park"" Soundtrack",BSO study
11124830059,AVATAR Music From The Motion Picture Music Composed and Conducted by James Horner,2009-12-07,James Horner,False,"Becoming one of ""The People"" Becoming one with Neytiri",BSO study
11124830059,Master & Commander: Original Soundtrack,2003-10-01,Luigi Boccherini,False,"String Quintet in C, Op.30 No.6",BSO study
11124830059,Transformers: The Score,2007-10-01,Steve Jablonsky,False,Bumblebee Captured,BSO study
11124830059,"Bach: Cello Suites Nos. 1, 5 & 6",1983,Johann Sebastian Bach,False,"Cello Suite No. 1 in G Major, BWV 1007: I. Prélude",BSO study
11124830059,Pirates Of The Caribbean: At World's End Original Soundtrack,2007-01-01,Hans Zimmer,False,Drink Up Me Hearties Yo Ho,BSO study
11124830059,Star Wars Episode 2: Attack of the Clones,2002-03-11,John Williams,False,Across the Stars (Love Theme from Star Wars: Episode II),BSO study
11124830059,The Dark Knight (Original Motion Picture Soundtrack),2008-07-14,Hans Zimmer,False,A Dark Knight,BSO study
11124830059,The Da Vinci Code,2006-01-01,Hans Zimmer,False,Dies Mercurii I Martius,BSO study
11124830059,Band of Brothers - Original Motion Picture Soundtrack,2001-07-19,London Metropolitan Orchestra,False,Bull's Theme - Instrumental,BSO study
11124830059,The Best of Hans Zimmer,2011-02-07,London Music Works,False,"Time (From ""Inception"")",BSO study
11124830059,AVATAR Music From The Motion Picture Music Composed and Conducted by James Horner,2009-12-07,James Horner,False,Jake's first flight,BSO study
11124830059,Transformers: The Score,2007-10-01,Steve Jablonsky,False,Arrival to Earth,BSO study
11124830059,Band of Brothers - Original Motion Picture Soundtrack,2001-07-19,London Metropolitan Orchestra,False,Headscarf - Instrumental,BSO study
11124830059,The Man in the Iron Mask,1998,Nick Glennie-Smith,False,The Pig Chase,BSO study
11124830059,Pirates Of The Caribbean: At World's End Original Soundtrack,2007-01-01,Hans Zimmer,False,One Day,BSO study
11124830059,We Were Soldiers - Original Motion Picture Score,2002-02-20,Nick Glennie-Smith,False,First Step,BSO study
11124830059,"Greatest Movie Themes, Vol. 3",2011-12-02,Prague Festival Orchestra,False,Atlantis,BSO study
11124830059,The Man in the Iron Mask,1998,Nick Glennie-Smith,False,King for a King,BSO study
11124830059,Lord of the Rings 3 - The Return of the King,2003-11-24,Howard Shore,False,The Steward of Gondor (feat. Billy Boyd),BSO study
11124830059,The Lord of the Rings: The Two Towers (Original Motion Picture Soundtrack),2002-12-02,Howard Shore,False,The Hornburg,BSO study
11124830059,The Lord of the Rings - The Return of the King - The Complete Recordings (Limited Edition),2003-11-24,Howard Shore,False,Roots and Beginnings,BSO study
11124830059,The Lord of the Rings: The Fellowship of the Ring (Original Motion Picture Soundtrack),2001-11-19,Howard Shore,False,Flight to the Ford,BSO study
11124830059,The Thin Red Line,1999-01-11,Hans Zimmer,False,Journey to the Line,BSO study
11124830059,Enemy At The Gates - Original Motion Picture Soundtrack,2001-02-19,James Horner,False,Tania (End Credits) - Voice,BSO study
11124830059,Gladiator - Music From The Motion Picture,2000-01-01,Klaus Badelt,False,Elysium,BSO study
11124830059,First Knight Original Motion Picture Soundtrack,1995-07-04,Jerry Goldsmith,False,A New Life,BSO study
11124830059,John Williams - Best Of,2013-03-11,John Williams,False,"Theme From ""Jurassic Park""",BSO study
11124830059,Schindler's List (Soundtrack),1993-01-01,John Williams,False,Theme From Schindler's List,BSO study
11124830059,The Revenant (Original Motion Picture Soundtrack),2015-12-25,Ryuichi Sakamoto,False,The Revenant Main Theme,BSO study
11124830059,Pearl Harbor - Original Motion Picture Soundtrack,2005-12-06,Hans Zimmer,False,Tennessee,BSO study
11124830059,The Lord of the Rings: The Fellowship of the Ring (Original Motion Picture Soundtrack),2001-11-19,Howard Shore,False,"The Council of Elrond (feat. ""Aniron"") [Theme for Aragorn and Arwen]",BSO study
11124830059,The Imitation Game (Original Motion Picture Soundtrack),2014-11-07,Alexandre Desplat,False,Alan Turing's Legacy,BSO study
11124830059,The Lord of the Rings: The Fellowship of the Ring (Original Motion Picture Soundtrack),2001-11-19,Howard Shore,False,"The Breaking of the Fellowship (feat. ""In Dreams"")",BSO study
11124830059,1996,1996,Ryuichi Sakamoto,False,Merry Christmas Mr. Lawrence,BSO study
11124830059,More Music from Braveheart,1980,James Horner,False,For The Love Of A Princess,BSO study
11124830059,The Island (Original Motion Picture Soundtrack),2005-07-01,Steve Jablonsky,False,My Name Is Lincoln,BSO study
11124830059,Saving Private Ryan (Music From The Original Motion Picture Soundtrack),1998-01-01,John Williams,False,Hymn To The Fallen - Saving Private Ryan/Soundtrack Version,BSO study
11124830059,Dinosaur Original Soundtrack,2000-01-01,James Newton Howard,False,Inner Sanctum / The Nesting Grounds,BSO study
11124830059,Band of Brothers - Original Motion Picture Soundtrack,2001-07-19,London Metropolitan Orchestra,False,Main Titles from the HBO Miniseries Band of Brothers - Instrumental,BSO study
11124830059,Braveheart - Original Motion Picture Soundtrack,1995-01-01,James Horner,False,A Gift Of A Thistle,BSO study
11124830059,The Last Samurai: Original Motion Picture Score,2003-11-25,Hans Zimmer,False,A Way of Life,BSO study
11124830059,The Last Samurai: Original Motion Picture Score,2003-11-25,Hans Zimmer,False,Spectres in the Fog,BSO study
11124830059,The Last Samurai: Original Motion Picture Score,2003-11-25,Hans Zimmer,False,Taken,BSO study
11124830059,The Last Samurai: Original Motion Picture Score,2003-11-25,Hans Zimmer,False,A Hard Teacher,BSO study
11124830059,The Last Samurai: Original Motion Picture Score,2003-11-25,Hans Zimmer,False,To Know My Enemy,BSO study
11124830059,The Last Samurai: Original Motion Picture Score,2003-11-25,Hans Zimmer,False,Idyll's End,BSO study
11124830059,The Last Samurai: Original Motion Picture Score,2003-11-25,Hans Zimmer,False,Safe Passage,BSO study
11124830059,The Last Samurai: Original Motion Picture Score,2003-11-25,Hans Zimmer,False,Ronin,BSO study
11124830059,The Last Samurai: Original Motion Picture Score,2003-11-25,Hans Zimmer,False,Red Warrior,BSO study
11124830059,The Last Samurai: Original Motion Picture Score,2003-11-25,Hans Zimmer,False,The Way of the Sword,BSO study
11124830059,The Last Samurai: Original Motion Picture Score,2003-11-25,Hans Zimmer,False,A Small Measure of Peace,BSO study
11124830059,Master & Commander: Original Soundtrack,2003-10-01,Iva Davies,False,The Far Side of the World (Master & Commander - OST),BSO study
11124830059,Master & Commander: Original Soundtrack,2003-10-01,Iva Davies,False,Into the Fog (Master & Commander - OST),BSO study
11124830059,Master & Commander: Original Soundtrack,2003-10-01,Traditional,False,The Cuckold Comes out of the Amery,BSO study
11124830059,Master & Commander: Original Soundtrack,2003-10-01,Wolfgang Amadeus Mozart,False,3. Rondo - Allegro,BSO study
11124830059,Master & Commander: Original Soundtrack,2003-10-01,Ralph Vaughan Williams,False,Fantasia On A Theme By Thomas Tallis - Excerpt,BSO study
11124830059,Master & Commander: Original Soundtrack,2003-10-01,Iva Davies,False,The Doldrums (Master & Commander - OST),BSO study
11124830059,Master & Commander: Original Soundtrack,2003-10-01,Johann Sebastian Bach,False,1. Prélude,BSO study
11124830059,Master & Commander: Original Soundtrack,2003-10-01,Traditional,False,Folk Medley,BSO study
11124830059,Master & Commander: Original Soundtrack,2003-10-01,Iva Davies,False,The Battle (Master & Commander - OST),BSO study
11124830059,The Perfect Storm (Original Score),2000-05-23,James Horner,False,Coming Home from the Sea - Instrumental,BSO study
11124830059,Conan The Barbarian (Original Motion Picture Soundtrack),2001-02-07,Basil Poledouris,False,Riddle of Steel / Riders of Doom,BSO study
11124830059,Star Wars: El Despertar de la Fuerza (Banda Sonora Original),2015-12-18,John Williams,False,Rey's Theme,BSO study
11124830059,100 Greatest Film Themes,2012-02-20,The City of Prague Philharmonic Orchestra,False,Robin Hood: Prince of Thieves,BSO study
11124830059,Star Wars: La Amenaza Fantasma (Banda Sonora Original),1999-05-04,John Williams,False,Duel of the Fates,BSO study
11124830059,The Lion King: Special Edition Original Soundtrack (English Version),2003-01-01,Hans Zimmer,False,This Land,BSO study
11124830059,National Treasure,2004,Trevor Rabin,False,Finding Charlotte,BSO study
11124830059,The Lord of the Rings: The Two Towers (Original Motion Picture Soundtrack),2002-12-02,Howard Shore,False,The Riders of Rohan,BSO study
11124830059,How To Train Your Dragon (Music From The Motion Picture),2010-03-23,John Powell,False,This Is Berk,BSO study
11124830059,How To Train Your Dragon (Music From The Motion Picture),2010-03-23,John Powell,False,See You Tomorrow,BSO study
11124830059,X-MEN: FIRST CLASS,2011-05-30,Henry Jackman,False,First Class,BSO study
11124830059,X-MEN: FIRST CLASS,2011-05-30,Henry Jackman,False,X-Training,BSO study
11124830059,Game of Thrones: Season 5 (Music from the HBO Series),2015-06-12,Ramin Djawadi,False,Dance of Dragons,BSO study
11124830059,Thor: The Dark World (Original Motion Picture Soundtrack),2013-01-01,Brian Tyler,False,"Into Eternity - From ""Thor: The Dark World""/Score",BSO study
11124830059,"The Best of Hans Zimmer, Vol. 2",2015-03-30,London Music Works,False,"New York City Surprise (From ""Madagascar 3: Europe's Most Wanted"")",BSO study
11124830059,Uncharted 4: A Thief's End (Original Soundtrack),2016-05-10,Henry Jackman,False,A Thief's End,BSO study
11124830059,Avengers: Age of Ultron (Original Motion Picture Soundtrack),2015-04-20,Danny Elfman,False,Avengers Unite,BSO study
11124830059,100 Greatest Film Themes,2007-05-28,The City of Prague Philharmonic Orchestra,False,"Main Themes (From ""Dragonheart"")",BSO study
11124830059,The Man in the Iron Mask,1998,Nick Glennie-Smith,False,All For One,BSO study
markettes99,Back In Black,1980-07-25,AC/DC,False,Back In Black,Clasicos
markettes99,Appetite For Destruction,1987-07-21,Guns N' Roses,True,Sweet Child O' Mine,Clasicos
markettes99,Appetite For Destruction,1987-07-21,Guns N' Roses,True,Welcome To The Jungle,Clasicos
markettes99,Use Your Illusion II,1991-09-18,Guns N' Roses,False,Knockin' On Heaven's Door,Clasicos
markettes99,Comeblack,2011-11-04,Scorpions,False,Still Loving You,Clasicos
markettes99,Crazy World,1990-01-01,Scorpions,False,Send Me An Angel,Clasicos
markettes99,Metallica,1991-08-12,Metallica,False,Nothing Else Matters,Clasicos
markettes99,Boulevard of Broken Dreams,2004,Green Day,True,Boulevard of Broken Dreams,Clasicos
markettes99,Meteora,2003-03-24,Linkin Park,False,Numb,Clasicos
markettes99,The Razors Edge,1990-09-24,AC/DC,False,Thunderstruck,Clasicos
markettes99,A Night At The Opera (2011 Remaster),1975-11-21,Queen,False,Bohemian Rhapsody - Remastered 2011,Clasicos
markettes99,The Joshua Tree (Super Deluxe),1987-03-03,U2,False,I Still Haven't Found What I'm Looking For,Clasicos
markettes99,The Joshua Tree (Super Deluxe),1987-03-03,U2,False,With Or Without You - Remastered,Clasicos
markettes99,Songs Of Innocence (Deluxe),2014-01-01,U2,False,Song For Someone,Clasicos
markettes99,Led Zeppelin IV (Deluxe Edition),1971-11-08,Led Zeppelin,False,Stairway to Heaven - Remaster,Clasicos
markettes99,Nevermind (Deluxe Edition),1991-09-26,Nirvana,False,Smells Like Teen Spirit,Clasicos
markettes99,War (Remastered),1983-02-28,U2,False,Sunday Bloody Sunday - Remastered 2008,Clasicos
markettes99,Crazy World,1990-01-01,Scorpions,False,Wind Of Change,Clasicos
markettes99,Californication (Deluxe Edition),1999-06-08,Red Hot Chili Peppers,False,Californication,Clasicos
markettes99,Californication (Deluxe Edition),1999-06-08,Red Hot Chili Peppers,False,Otherside,Clasicos
markettes99,Comeblack,2011-11-04,Scorpions,False,No One Like You,Clasicos
markettes99,Metallica,1991-08-12,Metallica,False,Enter Sandman,Clasicos
markettes99,Use Your Illusion I,1991-09-17,Guns N' Roses,False,November Rain,Clasicos
markettes99,Night Visions (Deluxe),2012-09-04,Imagine Dragons,False,On Top Of The World,On tour
markettes99,The Days / Nights,2014-12-01,Avicii,False,The Nights,On tour
markettes99,Stories,2015-10-02,Avicii,False,Can't Catch Me,On tour
markettes99,Stories,2015-10-02,Avicii,False,Touch Me,On tour
markettes99,True,2013-01-01,Avicii,False,Hey Brother,On tour
markettes99,True,2013-01-01,Avicii,False,Heart Upon My Sleeve,On tour
markettes99,True,2013-01-01,Avicii,False,Wake Me Up - Radio Edit,On tour
markettes99,Lonely Together (Acoustic),2017-10-27,Avicii,False,Lonely Together - Acoustic,On tour
markettes99,Thunder / Young Dumb & Broke (with Khalid) [Medley],2017-12-20,Imagine Dragons,False,Thunder / Young Dumb & Broke (with Khalid) - Medley,On tour
markettes99,Evolve,2017-06-23,Imagine Dragons,False,Next To Me,On tour
markettes99,Evolve,2017-06-23,Imagine Dragons,False,Thunder,On tour
markettes99,Night Visions,2012-09-04,Imagine Dragons,False,It's Time,On tour
markettes99,Gold,2014-12-16,Imagine Dragons,False,Gold,On tour
markettes99,Smoke + Mirrors (Deluxe),2015-10-30,Imagine Dragons,False,Battle Cry,On tour
markettes99,A Sky Full of Stars,2014-05-02,Coldplay,False,A Sky Full of Stars,On tour
markettes99,Lonewolf,2018-03-21,EMDI,False,Lonewolf,On tour
markettes99,AM,2013-09-09,Arctic Monkeys,False,Do I Wanna Know?,On tour
markettes99,Uncovered,2017-09-29,Robin Schulz,False,Oh Child,On tour
markettes99,Superhero,2016-11-26,Unknown Brain,False,Superhero,On tour
markettes99,Hoping,2017-03-10,X Ambassadors,False,Hoping,On tour
markettes99,Look Alive (feat. Drake),2018-02-09,BlocBoy JB,True,Look Alive (feat. Drake),On tour
markettes99,Scary Hours,2018-01-20,Drake,True,God's Plan,On tour
markettes99,Evolve,2017-06-23,Imagine Dragons,False,Rise Up,On tour
markettes99,Stories,2015-10-02,Avicii,False,True Believer,On tour
markettes99,Evolve,2017-06-23,Imagine Dragons,False,Mouth Of The River,On tour
markettes99,Night Visions (Deluxe),2012-09-04,Imagine Dragons,False,Bleeding Out,On tour
markettes99,Evolve,2017-06-23,Imagine Dragons,False,Yesterday,On tour
markettes99,Toto IV,1982-04-08,TOTO,False,Africa,On tour
markettes99,Higher Ground,2018-02-11,Rasmussen,False,Higher Ground,On tour
markettes99,"Oh, What A Life",2014-01-01,American Authors,False,Best Day Of My Life,On tour
markettes99,Hands,2017-05-19,Mike Perry,True,Hands,On tour
markettes99,Seven,2016-10-28,Martin Garrix,False,Together,On tour
markettes99,Brother,2017-07-01,Kodaline,False,Brother,On tour
markettes99,Evolve,2017-06-23,Imagine Dragons,False,Walking The Wire,On tour
markettes99,Blurryface,2015-05-15,Twenty One Pilots,False,Tear in My Heart,On tour
markettes99,American Beauty/American Psycho,2015-01-16,Fall Out Boy,False,Centuries,On tour
markettes99,Smoke + Mirrors (Deluxe),2015-10-16,Imagine Dragons,False,Monster,On tour
markettes99,Torches,2017-04-28,X Ambassadors,False,Torches,On tour
markettes99,Evolve,2017-06-23,Imagine Dragons,False,I’ll Make It Up To You,On tour
markettes99,ATLAS (Deluxe),2017-10-13,The Score,False,On And On,On tour
markettes99,A Rush of Blood to the Head,2002-08-08,Coldplay,False,The Scientist,On tour
markettes99,Mylo Xyloto,2011-10-24,Coldplay,False,Paradise,On tour
markettes99,A Rush of Blood to the Head,2002-08-08,Coldplay,False,Clocks,On tour
markettes99,MANIA,2018-01-19,Fall Out Boy,False,Champion,On tour
markettes99,Hell or High Water,2018-05-18,Passenger,False,Hell or High Water,On tour
markettes99,Waking Up The Giants,2015-12-04,Grizfolk,False,Waking Up The Giants,On tour
markettes99,Culture II,2018-01-26,Migos,True,Walk It Talk It,On tour
markettes99,ATLAS,2017-10-13,The Score,False,Unstoppable,On tour
markettes99,Nice For What,2018-04-06,Drake,True,Nice For What,On tour
markettes99,Waking Up The Giants,2015-12-04,Grizfolk,False,Bounty On My Head,On tour
markettes99,Roots,2015-08-27,Imagine Dragons,False,Roots,On tour
markettes99,Scorpion,2018-06-29,Drake,True,In My Feelings,On tour
markettes99,Smoke + Mirrors (Deluxe),2015-05-18,Imagine Dragons,False,Release,On tour
markettes99,Lukas Graham,2016-04-01,Lukas Graham,False,7 Years,On tour
markettes99,Smoke + Mirrors (Deluxe),2015-05-11,Imagine Dragons,False,Thief,On tour
markettes99,Evolve,2017-06-23,Imagine Dragons,False,I Don’t Know Why,On tour
markettes99,Pure Heroine,2013-09-27,Lorde,False,Team,On tour
markettes99,SWISH,2018-07-25,Tyga,True,SWISH,On tour
markettes99,Junk Of The Heart,2011-01-01,The Kooks,False,Junk Of The Heart (Happy),On tour
markettes99,ASTROWORLD,2018-08-03,Travis Scott,True,STARGAZING,On tour
markettes99,Born To Be Yours,2018-06-15,Kygo,False,Born To Be Yours,On tour
markettes99,Natural,2018-07-17,Imagine Dragons,False,Natural,On tour
markettes99,6 Dogs,2017-07-03,6 Dogs,True,Faygo Dreams,On tour
markettes99,What We Live For,2016-07-01,American Authors,False,I'm Born To Run,On tour
markettes99,Smoke + Mirrors (Deluxe),2015-10-23,Imagine Dragons,False,Who We Are,On tour
markettes99,Light Of Day,2018-05-04,Preme,True,Jackie Chan,On tour
markettes99,Heart Wings,2012-07-30,PJ Simas,False,Call Me Crazy,On tour
markettes99,Stoney (Deluxe),2016-12-09,Post Malone,True,I Fall Apart,On tour
markettes99,Evolve,2017-06-23,Imagine Dragons,False,Dancing In The Dark,On tour
markettes99,Happier,2018-08-17,Marshmello,False,Happier,On tour
markettes99,Ocean Eyes,2009-01-01,Owl City,False,Fireflies,On tour
markettes99,Red Pill Blues (Deluxe),2018-06-15,Maroon 5,True,Girls Like You (feat. Cardi B) - Cardi B Version,On tour
markettes99,Love Someone,2018-09-07,Lukas Graham,False,Love Someone,On tour
markettes99,In My Mind,2018-06-08,Dynoro,False,In My Mind,On tour
markettes99,Skipping Stones,2018-06-22,Dan Reynolds,False,Skipping Stones,On tour
markettes99,Follow Your Fire,2018-03-23,Kodaline,False,Follow Your Fire,On tour
markettes99,"Camino, Fuego Y Libertad",2017-12-15,Pablo López,False,El Patio,On tour
markettes99,Darkside,2018-07-27,Alan Walker,False,Darkside,On tour
markettes99,Leave a Light On,2017-10-13,Tom Walker,False,Leave a Light On,On tour
markettes99,Machine,2018-10-31,Imagine Dragons,False,Machine,On tour
markettes99,Fast Car,2015-12-04,Jonas Blue,False,Fast Car,On tour
markettes99,We Are All We Need,2015-01-19,Above & Beyond,False,Counting Down The Days,On tour
markettes99,Nobody But You,2018-05-04,Cesar Sampson,False,Nobody But You,On tour
markettes99,Nevermind,2017-06-30,Dennis Lloyd,False,Nevermind,On tour
markettes99,No Stylist,2018-09-20,French Montana,True,No Stylist (feat. Drake),On tour
markettes99,Dr. Charas,2016-11-18,Taburete,False,Sirenas,On tour
markettes99,Red Pill Blues (Deluxe),2018-06-15,Maroon 5,False,Wait,On tour
markettes99,FUTURE,2017-08-04,Future,True,Mask Off,On tour
markettes99,Scorpion,2018-06-29,Drake,True,Nonstop,On tour
markettes99,No Love,2018-12-26,Memphis Depay,True,No Love,On tour
markettes99,AVĪCI (01),2017-08-10,Avicii,True,Without You (feat. Sandro Cavazza),On tour
markettes99,Ronan,2000-01-01,Ronan Keating,False,When You Say Nothing At All,On tour
markettes99,Nothing Breaks Like a Heart (feat. Miley Cyrus),2018-11-30,Mark Ronson,False,Nothing Breaks Like a Heart (feat. Miley Cyrus),On tour
markettes99,Without Me,2018-10-04,Halsey,True,Without Me,On tour
markettes99,FRIENDS KEEP SECRETS,2018-12-07,benny blanco,False,Eastside (with Halsey & Khalid),On tour
markettes99,La Guitarra en La Música Clásica Latina,2015-12-17,Francisco Tárrega,False,Adelita,Guitarra clasica
markettes99,Música Celta para la Guitarra Clásica,2010-10-06,Alain Everts,False,Florence Little Wings,Guitarra clasica
markettes99,La Guitarra en La Música Clásica Latina,2015-12-17,Francisco Tárrega,False,Mazurka in A Minor,Guitarra clasica
markettes99,La Guitarra en La Música Clásica Latina,2015-12-17,Jorge Cardoso,False,Piezas sudamericanas ( Pieces from South America): Gato,Guitarra clasica
markettes99,"Spain Souvenir, Música De España",2009-01-01,Los Flamencos,False,"Concierto de Aranjuez, Guitarra Clásica",Guitarra clasica
markettes99,Guitar Recital: Pablo Garibay,2011-08-02,Francisco Tárrega,False,Capricho arabe,Guitarra clasica
,The Motto,2021-11-04,Tiësto,False,The Motto,Beast Mode
,INDUSTRY BABY (feat. Jack Harlow),2021-07-23,Lil Nas X,True,INDUSTRY BABY (feat. Jack Harlow),Beast Mode
,High,2022-01-28,The Chainsmokers,True,High,Beast Mode
,Motley Crew,2021-07-09,Post Malone,True,Motley Crew,Beast Mode
,Going Dumb,2021-03-19,Alesso,False,Going Dumb,Beast Mode
,Nobody To Love (with Loren Gray),2021-03-12,TELYKast,False,Nobody To Love (with Loren Gray),Beast Mode
,Turning Me Up (Hadal Ahbek),2021-04-09,Issam Alnajjar,False,Turning Me Up (Hadal Ahbek),Beast Mode
,Levitating (feat. DaBaby),2020-10-01,Dua Lipa,False,Levitating (feat. DaBaby),Beast Mode
,Paradise,2020-10-30,MEDUZA,False,Paradise (feat. Dermot Kennedy),Beast Mode
,1 Day 2 Nights,2021-06-11,HRVY,False,1 Day 2 Nights,Beast Mode
,My Heart Goes (La Di Da) (feat. Topic),2021-08-24,Becky Hill,False,My Heart Goes (La Di Da) (feat. Topic),Beast Mode
,MONTERO (Call Me By Your Name),2021-03-26,Lil Nas X,True,MONTERO (Call Me By Your Name),Beast Mode
,OUT OUT (feat. Charli XCX & Saweetie),2021-08-13,Joel Corry,False,OUT OUT (feat. Charli XCX & Saweetie),Beast Mode
,Off Of My Mind,2021-07-09,Icona Pop,False,Off Of My Mind,Beast Mode
,Don't You Hold Me Down,2021-08-27,Alan Walker,False,Don't You Hold Me Down,Beast Mode
,Tell It To My Heart,2021-10-29,MEDUZA,False,Tell It To My Heart,Beast Mode
,Astronaut In The Ocean,2021-01-06,Masked Wolf,True,Astronaut In The Ocean,Beast Mode
,Goodbye,2020-12-18,Imanbek,False,Goodbye,Beast Mode
,Unbreakable (with Sam Gray),2021-09-10,TELYKast,False,Unbreakable (with Sam Gray),Beast Mode
,Goosebumps (Remix),2021-01-15,Travis Scott,True,Goosebumps - Remix,Beast Mode
,KHALED KHALED,2021-04-30,DJ Khaled,True,"I DID IT (feat. Post Malone, Megan Thee Stallion, Lil Baby & DaBaby)",Beast Mode
,"The Business, Pt. II",2021-01-21,Tiësto,False,"The Business, Pt. II",Beast Mode
,BED,2021-02-26,Joel Corry,False,BED,Beast Mode
,Piece Of Me (with LOVA),2021-09-08,Gryffin,True,Piece Of Me (with LOVA),Beast Mode
,First Time,2021-03-12,ILLENIUM,False,First Time,Beast Mode
,Nobody,2020-10-30,NOTD,False,Nobody,Beast Mode
,We're Still Young,2021-09-10,Nicky Romero,False,We're Still Young,Beast Mode
,Somebody New,2020-09-18,TELYKast,False,Somebody New,Beast Mode
,Sweet Dreams,2021-06-11,Alan Walker,False,Sweet Dreams,Beast Mode
,When I’m Gone (with Katy Perry),2021-12-29,Alesso,False,When I’m Gone (with Katy Perry),Beast Mode
,Oceans & Galaxies,2021-04-16,Jauz,False,Oceans & Galaxies,Beast Mode
,Chain My Heart,2021-06-11,Topic,False,Chain My Heart,Beast Mode
,Skydance,2021-04-30,W&W,False,Skydance,Beast Mode
,"Lemonade (feat. Gunna, Don Toliver & NAV)",2020-08-14,Internet Money,True,Lemonade,Beast Mode
,SLEEP,2021-10-22,DVBBS,True,Do It Anyway (with Icona Pop),Beast Mode
,Moth To A Flame,2021-10-22,Swedish House Mafia,False,Moth To A Flame (with The Weeknd),Beast Mode
,Run It (feat. Rick Ross & Rich Brian),2021-08-13,DJ Snake,False,Run It (feat. Rick Ross & Rich Brian),Beast Mode
,What's Up,2021-02-12,Gaullin,False,What's Up,Beast Mode
,I Won [From F9 The Fast Saga Original Motion Picture Soundtrack],2021-06-04,Ty Dolla $ign,True,I Won,Beast Mode
,One More Dance (with Alida),2020-11-13,R3HAB,False,One More Dance (with Alida),Beast Mode
,Shockwave,2021-06-11,Marshmello,False,Shockwave,Beast Mode
,My Universe (Galantis Remix),2021-10-11,Coldplay,False,My Universe - Galantis Remix,Beast Mode
,Believe Me,2021-01-22,Navos,False,Believe Me,Beast Mode
,Mood (feat. iann dior),2020-07-24,24kGoldn,True,Mood (feat. iann dior),Beast Mode
,Way Out (feat. Big Sean),2020-12-09,Jack Harlow,True,Way Out (feat. Big Sean),Beast Mode
,Soon Not Later,2021-01-29,Lady Bee,False,Soon Not Later,Beast Mode
,Certified Lover Boy,2021-09-03,Drake,True,Way 2 Sexy (with Future & Young Thug),Beast Mode
,FEELING GUD,2020-02-07,NGHTMRE,False,FEELING GUD,Beast Mode
,Remember,2021-06-18,Becky Hill,False,Remember,Beast Mode
,Another Level (ft. Lovespeake),2021-06-18,Timmy Trumpet,False,Another Level (ft. Lovespeake),Beast Mode
,Silver Lining,2021-02-05,Andrew Rayel,False,Silver Lining,Beast Mode
,Kids (feat. MKLA),2020-08-14,KSHMR,False,Kids (feat. MKLA),Beast Mode
,Your Love (9PM),2021-01-15,ATB,False,Your Love (9PM),Beast Mode
,CTRL + ALT + DEL,2021-09-17,Rêve,False,CTRL + ALT + DEL,Beast Mode
,Spicy (feat. Post Malone),2020-10-21,Ty Dolla $ign,True,Spicy (feat. Post Malone),Beast Mode
,Tears For Later,2021-07-30,Don Diablo,False,Tears For Later,Beast Mode
,Call Me (with R3HAB & Timmy Trumpet),2022-01-14,Gabry Ponte,False,Call Me (with R3HAB & Timmy Trumpet),Beast Mode
,Do It To It,2021-08-20,ACRAZE,False,Do It To It,Beast Mode
,Impossible (feat. John Martin),2021-06-04,David Guetta,False,Impossible (feat. John Martin),Beast Mode
,Lifetime,2021-07-19,Swedish House Mafia,False,Lifetime (with Ty Dolla $ign & 070 Shake),Beast Mode
,I Wish (feat. Mabel),2021-10-29,Joel Corry,False,I Wish (feat. Mabel),Beast Mode
,Hear Me Say,2021-05-28,Jonas Blue,False,Hear Me Say,Beast Mode
,Legends Never Die,2020-07-10,Juice WRLD,True,Come & Go (with Marshmello),Beast Mode
,Bulletproof,2021-05-21,La Roux,False,Bulletproof,Beast Mode
,Follow Me,2021-12-10,Sam Feldt,False,Follow Me,Beast Mode
,Together,2020-11-13,SIDEPIECE,False,Together,Beast Mode
,Heartbreak Anthem (with David Guetta & Little Mix),2021-05-20,Galantis,False,Heartbreak Anthem (with David Guetta & Little Mix),Beast Mode
,You Got The Love,2021-08-27,Never Sleeps,False,You Got The Love,Beast Mode
,Run,2021-05-05,OneRepublic,False,Run,Beast Mode
,HOLIDAY,2020-11-13,Lil Nas X,True,HOLIDAY,Beast Mode
,Pressure (feat. Tove Lo),2021-02-05,Martin Garrix,False,Pressure (feat. Tove Lo),Beast Mode
,Big (feat. Gunna),2021-02-11,Rita Ora,False,Big (feat. Gunna),Beast Mode
,Deep End (SIDEPIECE Remix),2020-10-16,John Summit,False,Deep End - SIDEPIECE Remix,Beast Mode
,RAPSTAR,2021-04-09,Polo G,True,RAPSTAR,Beast Mode
,Heart On My Sleeve,2020-06-26,GATTÜSO,False,Heart On My Sleeve,Beast Mode
,Your Body,2021-07-16,Valentino Khan,False,Your Body,Beast Mode
,Wasted Love (feat. Lagique),2021-01-08,Ofenbach,False,Wasted Love (feat. Lagique),Beast Mode
,Friday (feat. Mufasa & Hypeman) [Dopamine Re-Edit],2021-01-15,Riton,False,Friday (feat. Mufasa & Hypeman) - Dopamine Re-Edit,Beast Mode
,Switch Back,2020-07-03,Quintino,False,Switch Back,Beast Mode
,Miss You,2021-09-03,SLANDER,False,Miss You,Beast Mode
,Up All Night (feat. Afrojack),2020-10-09,VINAI,False,Up All Night (feat. Afrojack),Beast Mode
,Alive,2021-06-30,Zeds Dead,False,Alive,Beast Mode
,Sacrifice,2021-03-05,Bebe Rexha,False,Sacrifice,Beast Mode
,Where The Lights Are Low,2021-01-22,Toby Romeo,False,Where The Lights Are Low,Beast Mode
,One More Day (with Chandler Leighton),2021-03-26,Jason Ross,False,One More Day (with Chandler Leighton),Beast Mode
,Used to Be (Rasster Remix),2020-09-04,GASHI,True,Used to Be (Rasster Remix),Beast Mode
,Like Gold,2020-10-30,Loud Luxury,False,Like Gold,Beast Mode
,Sad Songs (feat. L Devine),2020-10-30,Route 94,False,Sad Songs (feat. L Devine),Beast Mode
,Kill Me Better,2020-10-30,Don Diablo,False,Kill Me Better,Beast Mode
,Closer (feat. Lilly Ahlberg),2021-04-30,Sonny Fodera,False,Closer (feat. Lilly Ahlberg),Beast Mode
,Detroit 2,2020-09-04,Big Sean,True,Wolves (feat. Post Malone),Beast Mode
,Take Control,2021-03-05,KREAM,False,Take Control,Beast Mode
,Life After You,2020-07-31,Sunnery James & Ryan Marciano,False,Life After You,Beast Mode
,One Night Away,2021-06-04,ARTY,False,One Night Away,Beast Mode
,Love Again (feat. Alida),2021-02-05,Alok,False,Love Again (feat. Alida),Beast Mode
,No Pain No Gain,2020-12-04,BODYWORX,False,No Pain No Gain,Beast Mode
,Distant Memory (with Timmy Trumpet x W&W),2021-03-12,R3HAB,False,Distant Memory (with Timmy Trumpet x W&W),Beast Mode
,Hey Baby (feat. Gia Koka),2020-08-28,Imanbek,False,Hey Baby (feat. Gia Koka),Beast Mode
,Nights Like This (PBH & Jack Remix),2020-08-14,Loud Luxury,False,Nights Like This - PBH & Jack Remix,Beast Mode
,Streets (Remixes),2021-03-19,Doja Cat,True,Streets - DJ Sliink Remix,Beast Mode
lanone2,The Batman (Original Motion Picture Soundtrack),2022-02-24,Michael Giacchino,False,Are You a Kenzie or a Can't-zie?,Cinematic Music for studying and motivation
lanone2,The Batman (Original Motion Picture Soundtrack),2022-02-24,Michael Giacchino,False,"A Bat in the Rafters, Pt. 2",Cinematic Music for studying and motivation
lanone2,The Dark Knight Rises,2012-08-29,Hans Zimmer,False,Mind If I Cut In?,Cinematic Music for studying and motivation
lanone2,"Horizon Forbidden West, Volume 1 (Original Soundtrack)",2022-02-25,Joris de Man,False,Aloy's Theme - Forbidden West (feat. Julie Elven),Cinematic Music for studying and motivation
lanone2,The Batman (Original Motion Picture Soundtrack),2022-02-24,Michael Giacchino,False,All's Well That Ends Farewell,Cinematic Music for studying and motivation
lanone2,The Wife (Original Motion Picture Soundtrack),2018-11-02,Jocelyn Pook,False,The Wife,Cinematic Music for studying and motivation
lanone2,Poldark: Music from the TV Series (Deluxe Version),2016-09-16,Anne Dudley,False,Theme from Poldark,Cinematic Music for studying and motivation
lanone2,The Batman (Original Motion Picture Soundtrack),2022-02-24,Michael Giacchino,False,"Riddles, Riddles Everywhere",Cinematic Music for studying and motivation
lanone2,Rogue One: A Star Wars Story (Original Motion Picture Soundtrack),2016-12-16,Michael Giacchino,False,The Imperial Suite,Cinematic Music for studying and motivation
lanone2,The Book of Boba Fett: Vol. 2 (Chapters 5-7) [Original Soundtrack],2022-02-11,Joseph Shirley,False,Battle for Mos Espa,Cinematic Music for studying and motivation
lanone2,The Batman (Original Motion Picture Soundtrack),2022-02-24,Michael Giacchino,False,Highway to the Anger Zone,Cinematic Music for studying and motivation
lanone2,Star Wars: The Rise of Skywalker (Original Motion Picture Soundtrack),2019-12-18,John Williams,False,The Rise of Skywalker,Cinematic Music for studying and motivation
lanone2,"Horizon Forbidden West, Volume 1 (Original Soundtrack)",2022-02-25,Joris de Man,False,The World on Her Shoulders (feat. Julie Elven),Cinematic Music for studying and motivation
lanone2,A Ghost Story (Original Soundtrack Album),2017,Daniel Hart,False,The Secret In The Wall,Cinematic Music for studying and motivation
lanone2,Everybody's Gone to the Rapture (Original Soundtrack),2015-08-07,Jessica Curry,False,Finding the Pattern,Cinematic Music for studying and motivation
lanone2,"Selmasongs (EU Version - Music From The Motion Picture Soundtrack ""Dancer In The Dark"")",2000-01-01,Björk,False,Overture,Cinematic Music for studying and motivation
lanone2,Tales,2022-01-26,Jon Adamich,False,A Magical Journey,Cinematic Music for studying and motivation
lanone2,The Batman Theme - Epic Version,2022-03-05,Samuel Kim,False,The Batman Theme - Epic Version,Cinematic Music for studying and motivation
lanone2,Vikings: Valhalla (Music from the TV Series),2022-03-04,Trevor Morris,False,On our Knees,Cinematic Music for studying and motivation
lanone2,What If...? (Episode 9) [Original Soundtrack],2021-10-08,Laura Karpman,False,Guardians,Cinematic Music for studying and motivation
lanone2,Sound Of Cinema: The Film Music Of Hans Zimmer,2021-07-06,Hans Zimmer,False,Poisoned Chalice,Cinematic Music for studying and motivation
lanone2,"The Lord of the Rings: The Council of Elrond ""Aniron"" (Theme for Aragorn and Arwen)",2020-06-26,Howard Shore,False,"The Lord of the Rings: The Council of Elrond ""Aniron"" (Theme for Aragorn and Arwen)",Cinematic Music for studying and motivation
lanone2,Sound Of Cinema: The Film Music Of Hans Zimmer,2021-07-06,Hans Zimmer,False,Beneath Alrischa,Cinematic Music for studying and motivation
lanone2,Dune (Original Motion Picture Soundtrack),2021-09-17,Hans Zimmer,False,Ripples in the Sand,Cinematic Music for studying and motivation
lanone2,The Batman (Original Motion Picture Soundtrack),2022-02-24,Michael Giacchino,False,Moving in for the Gil,Cinematic Music for studying and motivation
lanone2,The Batman (Original Motion Picture Soundtrack),2022-02-24,Michael Giacchino,False,"A Bat in the Rafters, Pt. 1",Cinematic Music for studying and motivation
lanone2,Greyhound (Apple TV+ Original Motion Picture Soundtrack),2020-07-10,Blake Neely,False,Bring Hell Down From On High,Cinematic Music for studying and motivation
lanone2,Tales,2022-01-26,Jon Adamich,False,Kiara's Tale,Cinematic Music for studying and motivation
lanone2,Cataclysm,2022-02-25,Kim Planert,False,Cataclysm,Cinematic Music for studying and motivation
lanone2,Caritas,2022-03-01,Peter Calandra,False,Caritas,Cinematic Music for studying and motivation
lanone2,Kismet,2022-02-25,Rebecca Jean Rossi,False,Kismet - Extended,Cinematic Music for studying and motivation
lanone2,Elegy for Piano,2021-12-10,Alessandro Ligi,False,Elegy for Piano,Cinematic Music for studying and motivation
lanone2,Crystal Ball,2022-02-25,Victor Birkan,False,Crystal Ball,Cinematic Music for studying and motivation
lanone2,Stories In Slow Light,2022-02-25,Richard Laurence,False,A Resolution - Strings,Cinematic Music for studying and motivation
lanone2,Inspired,2021-06-01,Dave Eddy,False,Undercurrents,Cinematic Music for studying and motivation
lanone2,"1883: Season 1, Vol. 2 (Original Series Soundtrack)",2022-02-18,Brian Tyler,False,Lightning Yellow Hair,Cinematic Music for studying and motivation
lanone2,Hope,2022-02-11,Jan Ove Fjeld,False,Hope,Cinematic Music for studying and motivation
lanone2,What If...? (Episode 4) [Original Soundtrack],2021-09-03,Laura Karpman,False,Whole Again,Cinematic Music for studying and motivation
lanone2,Depart,2021-11-08,Kyle Preston,False,Depart,Cinematic Music for studying and motivation
lanone2,Петя на моята Петя (Original Motion Picture Soundtrack),2022-01-21,George Strezov,False,The Wall,Cinematic Music for studying and motivation
lanone2,Carpe Noctem,2018-08-02,Peter Calandra,False,Agnus Dei (Lamb of God),Cinematic Music for studying and motivation
lanone2,"The Batman (from ""The Batman"")",2022-01-21,Michael Giacchino,False,The Batman,Cinematic Music for studying and motivation
lanone2,The Empty Mirror,2022-01-21,Richard Laurence,False,The Empty Mirror,Cinematic Music for studying and motivation
lanone2,Walking Next To You,2022-01-28,Rebecca Jean Rossi,False,Walking Next To You,Cinematic Music for studying and motivation
lanone2,The King's Man (Original Motion Picture Soundtrack),2021-12-22,Matthew Margeson,False,Lionheart,Cinematic Music for studying and motivation
lanone2,Daughters,2022-01-21,Andrew Land,False,Daughters,Cinematic Music for studying and motivation
lanone2,The Bell,2021-12-08,Eye of Melian,False,The Bell,Cinematic Music for studying and motivation
lanone2,Soul Of Time,2022-02-17,Tore G Thomassen,False,Soul Of Time,Cinematic Music for studying and motivation
lanone2,Seeking / Calling,2022-01-18,Fog Chaser,False,Seeking / Calling,Cinematic Music for studying and motivation
lanone2,DREAMSTORM,2022-01-10,Marco Saviolo,False,Dreamlock,Cinematic Music for studying and motivation
lanone2,Flourish,2021-06-30,George Strezov,False,Fata,Cinematic Music for studying and motivation
lanone2,Sakna,2021-12-24,Klaus Sahm,False,Sakna,Cinematic Music for studying and motivation
lanone2,Mystic Woods,2021-12-16,Pierre-Alexandre Monin,False,Summoning Circle,Cinematic Music for studying and motivation
lanone2,What Should I Do With You?,2021-12-27,Victor Birkan,False,What Should I Do With You?,Cinematic Music for studying and motivation
lanone2,Waves,2022-01-07,Becky Ainge,False,Waves,Cinematic Music for studying and motivation
lanone2,Polarized,2020-12-02,Samer Fanek,False,Wishful Thinking (Piano Solo),Cinematic Music for studying and motivation
lanone2,(Im)Permanence of Memory,2021-12-26,Edwin Aldin,False,(Im)Permanence of Memory,Cinematic Music for studying and motivation
lanone2,Gears 5 (Original Soundtrack),2019-09-06,Ramin Djawadi,False,The Truth,Cinematic Music for studying and motivation
lanone2,War Horse,2011-11-18,John Williams,False,"Ruined Crop, and Going to War",Cinematic Music for studying and motivation
lanone2,The Da Vinci Code,2006-01-01,Hans Zimmer,False,The Citrine Cross,Cinematic Music for studying and motivation
lanone2,The Tomorrow War (Amazon Original Motion Picture Soundtrack),2021-07-02,Lorne Balfe,False,Dan Forester,Cinematic Music for studying and motivation
lanone2,Amelie from Montmartre (Original SoundTrack),2001-04-23,Yann Tiersen,False,Comptine d'un autre été : la démarche,Cinematic Music for studying and motivation
lanone2,Harry Potter and the Prisoner of Azkaban / Original Motion Picture Soundtrack,2004-05-25,John Williams,False,Buckbeak's Flight,Cinematic Music for studying and motivation
lanone2,Continuum,2018-02-13,Piotr Wiese,False,Waltz About Her,Cinematic Music for studying and motivation
lanone2,Harry Potter and The Sorcerer's Stone Original Motion Picture Soundtrack,2001-10-30,John Williams,False,Hedwig's Theme,Cinematic Music for studying and motivation
lanone2,Game Of Thrones: Season 8 (Music from the HBO Series),2019-05-19,Ramin Djawadi,False,The Night King,Cinematic Music for studying and motivation
lanone2,"Deserts And Grasslands (Episode 5 / Soundtrack From The Netflix Original Series ""Our Planet"")",2019-04-05,Steven Price,False,The Ocean Returns The Favour,Cinematic Music for studying and motivation
lanone2,Pacific Rim (Original Motion Picture Soundtrack),2013-07-26,Ramin Djawadi,False,Canceling The Apocalypse,Cinematic Music for studying and motivation
lanone2,Heaven's Vault,2019-06-03,Phil Servati,False,Heaven's Vault,Cinematic Music for studying and motivation
lanone2,Star Wars: The Rise of Skywalker Epic Tribute,2019-11-30,Samuel Kim,False,Rey's Theme,Cinematic Music for studying and motivation
lanone2,Ghost of Tsushima (Music from the Video Game),2020-07-17,Ilan Eshkeri,False,Jin Sakai,Cinematic Music for studying and motivation
lanone2,Another World,2020-08-28,Niklas Wagner,False,Another World,Cinematic Music for studying and motivation
lanone2,"Outlander: Season 1, Vol. 1 (Original Television Soundtrack)",2015-02-10,Bear McCreary,False,Dance of the Druids (feat. Raya Yarbrough),Cinematic Music for studying and motivation
lanone2,Mission Control: The Unsung Heroes of Apollo (Original Motion Picture Soundtrack),2019-04-19,Chris Roe,False,Problem Solving,Cinematic Music for studying and motivation
lanone2,How To Train Your Dragon (Music From The Motion Picture),2010-01-01,John Powell,False,Romantic Flight - From How To Train Your Dragon Music From The Motion Picture,Cinematic Music for studying and motivation
lanone2,Life,2017-09-22,Richard Canavan,False,Now or Never,Cinematic Music for studying and motivation
lanone2,Transformers: Age of Extinction (Music from the Motion Picture) - EP,2014-06-30,Steve Jablonsky,False,Autobots Reunite,Cinematic Music for studying and motivation
lanone2,Live In Prague,2017-11-03,Hans Zimmer,False,Journey To The Line - Live / From The Thin Red Line,Cinematic Music for studying and motivation
lanone2,The Mandalorian: Chapter 1 (Original Score),2019-11-12,Ludwig Goransson,False,The Mandalorian,Cinematic Music for studying and motivation
lanone2,Sharks Don't Sleep,2019-12-04,Dean Valentine,False,Sharks Don't Sleep,Cinematic Music for studying and motivation
lanone2,Birth [Bonus Tracks Version],2016-03-11,Dardust,False,Birth - Acoustic Version,Cinematic Music for studying and motivation
lanone2,Freud (Original Motion Picture Soundtrack),2020-03-23,Stefan Will,False,Deepest Desire,Cinematic Music for studying and motivation
lanone2,Adore,2019-03-15,Carlos Hof,False,Secrets Of,Cinematic Music for studying and motivation
lanone2,Transformers Prime (Music from the Animated Series),2012-03-06,Brian Tyler,False,Transformers Prime,Cinematic Music for studying and motivation
lanone2,The Lord of the Rings: The Fellowship of the Ring (Original Motion Picture Soundtrack),2001-11-19,Howard Shore,False,"The Breaking of the Fellowship (feat. ""In Dreams"")",Cinematic Music for studying and motivation
lanone2,Reverie,2019-01-11,Thomas Farnon,False,Transcendence,Cinematic Music for studying and motivation
lanone2,Mad Max: Fury Road (Original Motion Picture Soundtrack),2015-05-12,Junkie XL,False,Brothers In Arms,Cinematic Music for studying and motivation
lanone2,No Time To Die (Original Motion Picture Soundtrack),2021-10-01,Hans Zimmer,False,Final Ascent,Cinematic Music for studying and motivation
lanone2,Greyhound (Apple TV+ Original Motion Picture Soundtrack),2020-07-10,Blake Neely,False,But At What Cost?,Cinematic Music for studying and motivation
lanone2,Forgotten Odes,2020-04-07,Eternal Eclipse,False,Hidden Machinations,Cinematic Music for studying and motivation
lanone2,Arcane League of Legends (Original Score from Act 2 of the Animated Series),2021-11-08,Arcane,False,A Bicentennial,Cinematic Music for studying and motivation
lanone2,Call of Duty: Modern Warfare 2 (Original Game Score),2010-06-01,Hans Zimmer,False,Seige,Cinematic Music for studying and motivation
lanone2,Arcane League of Legends (Original Score from Act 1 of the Animated Series),2021-11-01,Arcane,False,You're Stronger Than You Think,Cinematic Music for studying and motivation
lanone2,Schumacher (Original Soundtrack from the Documentary),2021-09-15,Christian Wilckens,False,Golden Ages (The Ferrari Years),Cinematic Music for studying and motivation
lanone2,Deviation,2017-10-25,Mimis Nikolopoulos,False,Trip Song,Cinematic Music for studying and motivation
lanone2,Images of Blue Memories,2020-11-29,Thanos Papadellis,False,Sailing to the Land of Light,Cinematic Music for studying and motivation
lanone2,Sea Energise,2020-08-03,Julia Thomsen,False,Blended,Cinematic Music for studying and motivation
lanone2,"Coastal Seas (Episode 4 / Soundtrack From The Netflix Original Series ""Our Planet"")",2019-04-05,Steven Price,False,Great Rolling Waves,Cinematic Music for studying and motivation
lanone2,Zack Snyder's Justice League (Original Motion Picture Soundtrack),2021-03-18,Junkie XL,False,Cyborg Becoming / Human All Too Human,Cinematic Music for studying and motivation
lanone2,Call of Duty®: Modern Warfare (Original Game Soundtrack),2019-10-18,Sarah Schachner,False,Modern Warfare Main Theme,Cinematic Music for studying and motivation
,I GUESS I'M IN LOVE,2021-08-20,Clinton Kane,False,I GUESS I'M IN LOVE,Chill Hits
,evermore,2020-12-11,Taylor Swift,False,willow,Chill Hits
,Butterflies,2021-06-25,MAX,False,Butterflies,Chill Hits
,It's Ok If You Forget Me,2020-09-18,Astrid S,False,It's Ok If You Forget Me,Chill Hits
,Easy On Me,2021-10-14,Adele,False,Easy On Me,Chill Hits
,It'll Be Okay,2021-12-01,Shawn Mendes,False,It'll Be Okay,Chill Hits
,this is how you fall in love,2021-01-15,Jeremy Zucker,False,this is how you fall in love,Chill Hits
,Inner Monologue Part 1,2019-01-24,Julia Michaels,False,What A Time (feat. Niall Horan),Chill Hits
,What Other People Say,2021-02-04,Sam Fischer,True,What Other People Say,Chill Hits
,dancing in the kitchen,2021-06-25,LANY,False,dancing in the kitchen,Chill Hits
,drivers license,2021-01-08,Olivia Rodrigo,True,drivers license,Chill Hits
,Remember That Night?,2020-11-06,Sara Kays,False,Remember That Night?,Chill Hits
,Unlearn (with Gracie Abrams),2021-03-24,benny blanco,True,Unlearn (with Gracie Abrams),Chill Hits
,Red (Taylor's Version),2021-11-12,Taylor Swift,False,Run (feat. Ed Sheeran) (Taylor’s Version) (From The Vault),Chill Hits
,I Quit Drinking,2021-06-09,Kelsea Ballerini,False,I Quit Drinking,Chill Hits
,GHOST TOWN,2021-10-15,Benson Boone,False,GHOST TOWN,Chill Hits
,You Will Be Found (with Summer Walker) [From The “Dear Evan Hansen” Original Motion Picture Soundtrack],2021-09-17,Sam Smith,False,You Will Be Found (with Summer Walker) - From The “Dear Evan Hansen” Original Motion Picture Soundtrack,Chill Hits
,If You Love Her,2020-09-30,Forest Blakk,False,If You Love Her,Chill Hits
,The Joker And The Queen (feat. Taylor Swift),2022-02-11,Ed Sheeran,False,The Joker And The Queen (feat. Taylor Swift),Chill Hits
,Music Of The Spheres,2021-10-15,Coldplay,False,Let Somebody Go,Chill Hits
,Meant To Be,2021-10-06,Ber,False,Meant To Be,Chill Hits
,feel like shit,2021-11-11,Tate McRae,True,feel like shit,Chill Hits
,Line By Line (feat. Maren Morris),2021-01-13,JP Saxe,True,Line By Line (feat. Maren Morris),Chill Hits
,WITHOUT YOU (with Miley Cyrus),2021-04-30,The Kid LAROI,True,WITHOUT YOU (with Miley Cyrus),Chill Hits
,Monster,2020-11-20,Shawn Mendes,False,Monster (Shawn Mendes & Justin Bieber),Chill Hits
,colorblind,2019-11-01,Mokita,False,colorblind,Chill Hits
,Good Without,2021-03-26,Mimi Webb,False,Good Without,Chill Hits
,=,2021-10-29,Ed Sheeran,False,First Times,Chill Hits
,working,2021-06-17,Tate McRae,True,working,Chill Hits
,For Tonight,2021-09-24,Giveon,False,For Tonight,Chill Hits
,CHICKEN TENDIES,2021-02-19,Clinton Kane,False,CHICKEN TENDIES,Chill Hits
,Fine Line,2019-12-13,Harry Styles,False,Falling,Chill Hits
,Keep Your Head Up Princess,2021-10-12,Anson Seabra,False,Keep Your Head Up Princess,Chill Hits
,The Good Times and The Bad Ones,2021-01-15,Why Don't We,False,Grey,Chill Hits
,slower,2021-03-03,Tate McRae,False,slower,Chill Hits
,Visiting Hours,2021-08-19,Ed Sheeran,False,Visiting Hours,Chill Hits
,mama's boy,2020-10-02,LANY,False,nobody else,Chill Hits
,In The Meantime,2021-09-24,Alessia Cara,False,Best Days,Chill Hits
,This City,2019-12-11,Sam Fischer,False,This City,Chill Hits
,Sad Songs,2020-08-07,SHY Martin,False,Are you happy?,Chill Hits
,folklore,2020-07-24,Taylor Swift,False,exile (feat. Bon Iver),Chill Hits
,i don't want to watch the world end with someone else,2020-05-08,Clinton Kane,False,i don't want to watch the world end with someone else,Chill Hits
,you broke me first,2020-04-17,Tate McRae,False,you broke me first,Chill Hits
,"Hey Stupid, I Love You",2020-06-25,JP Saxe,False,"Hey Stupid, I Love You",Chill Hits
,Perfectly Imperfect,2020-08-14,Declan J Donovan,False,Perfectly Imperfect,Chill Hits
,The Prelude,2020-07-17,Pink Sweat$,False,At My Worst,Chill Hits
,Paper Planes,2020-03-13,Elina,False,Paper Planes,Chill Hits
,the author,2020-09-18,Luz,False,the author,Chill Hits
,Lost,2020-11-06,Blake Rose,False,Lost,Chill Hits
,Afterglow,2020-12-21,Ed Sheeran,False,Afterglow,Chill Hits
,Slow,2020-01-10,SHY Martin,False,Slow,Chill Hits
,r u ok,2020-12-10,Tate McRae,True,r u ok,Chill Hits
,Her,2020-03-22,Anne-Marie,False,Her,Chill Hits
,If the World Was Ending (feat. Julia Michaels),2019-10-17,JP Saxe,False,If the World Was Ending (feat. Julia Michaels),Chill Hits
,Holy,2020-09-18,Justin Bieber,False,Holy (feat. Chance The Rapper),Chill Hits
,Gone,2020-02-07,Blake Rose,False,Gone,Chill Hits
,Like No One Does,2020-04-03,Jake Scott,False,Like No One Does,Chill Hits
,Walked Through Hell,2020-11-20,Anson Seabra,False,Walked Through Hell,Chill Hits
,JORDI (Deluxe),2021-06-11,Maroon 5,False,Lost,Chill Hits
,SOUR,2021-05-21,Olivia Rodrigo,False,traitor,Chill Hits
,Happy For You,2021-05-14,Lukas Graham,False,Happy For You,Chill Hits
,Lonely (with benny blanco),2020-10-16,Justin Bieber,True,Lonely (with benny blanco),Chill Hits
,A Little Bit Yours,2020-09-02,JP Saxe,False,A Little Bit Yours,Chill Hits
,Lovely,2019-11-15,Fly By Midnight,False,Lovely,Chill Hits
,Plastic Hearts,2020-11-27,Miley Cyrus,False,Angels Like You,Chill Hits
,New Normal,2021-07-21,Khalid,False,New Normal,Chill Hits
,Stuck with U,2020-05-08,Ariana Grande,False,Stuck with U (with Justin Bieber),Chill Hits
,Cry with you,2021-08-20,Jeremy Zucker,True,Cry with you,Chill Hits
,if we never met,2019-04-26,John K,False,if we never met,Chill Hits
,Forever Young,2020-05-01,Boy In Space,False,Forever Young,Chill Hits
,No Right To Love You,2020-06-26,Rhys Lewis,False,No Right To Love You,Chill Hits
,Heat Waves,2020-06-29,Glass Animals,False,Heat Waves,Chill Hits
,Just Look Up (From Don’t Look Up),2021-12-03,Ariana Grande,True,Just Look Up (From Don’t Look Up),Chill Hits
,Till Forever Falls Apart,2021-03-02,Ashe,True,Till Forever Falls Apart,Chill Hits
,Good Stuff,2020-02-07,Griff,False,Good Stuff,Chill Hits
,"always, i’ll care",2020-02-07,Jeremy Zucker,False,"always, i'll care",Chill Hits
,Slow Dance (feat. Ava Max),2019-08-09,AJ Mitchell,False,Slow Dance (feat. Ava Max),Chill Hits
,Lie,2020-08-07,Sasha Alex Sloan,False,Lie,Chill Hits
,Fake,2020-10-13,Lauv,True,Fake,Chill Hits
,WYD Now?,2021-12-10,Sadie Jean,False,WYD Now?,Chill Hits
,LÉON,2019-03-01,LÉON,False,Hope Is A Heartache,Chill Hits
,Losing Me,2019-08-14,Gabrielle Aplin,False,Losing Me,Chill Hits
,Dear August,2021-02-12,PJ Harding,False,Dear August,Chill Hits
,Slow Grenade,2020-06-30,Ellie Goulding,False,Slow Grenade,Chill Hits
,IDK You Yet,2020-04-09,Alexander 23,False,IDK You Yet,Chill Hits
,Down Low,2019-09-26,Astrid S,False,Favorite Part Of Me,Chill Hits
,Before You Go,2019-11-19,Lewis Capaldi,False,Before You Go,Chill Hits
,Can't Let You Go,2021-03-12,Ali Gatie,False,Can't Let You Go,Chill Hits
,~how i'm feeling~ (the extras),2019-12-19,Lauv,False,Love Like That,Chill Hits
,Dumb Love,2021-06-11,Mimi Webb,False,Dumb Love,Chill Hits
,Happiest Year,2019-07-12,Jaymes Young,False,Happiest Year,Chill Hits
,Slow Motion,2020-07-24,Charlotte Lawrence,False,Slow Motion,Chill Hits
,lie to me,2020-10-14,Tate McRae,False,lie to me,Chill Hits
,Feels (feat. Khalid),2021-03-12,WATTS,False,Feels (feat. Khalid),Chill Hits
,Ripples,2019-10-25,Maximillian,False,Ripples,Chill Hits
,I Should Probably Go To Bed,2020-07-31,Dan + Shay,False,I Should Probably Go To Bed,Chill Hits
,cowboy in LA,2020-09-16,LANY,False,cowboy in LA,Chill Hits
,~how i'm feeling~,2020-03-06,Lauv,True,Tattoos Together,Chill Hits
,17,2020-02-28,Pink Sweat$,False,17,Chill Hits
,Put A Little Love On Me,2019-12-06,Niall Horan,False,Put A Little Love On Me,Chill Hits
markettes99,Dying For You (feat. Alex Aris),2016-01-15,Otto Knows,False,Dying for You (feat. Alex Aris) - Radio Edit,Canciones para videos 
markettes99,Taste The Feeling (Avicii Vs. Conrad Sewell),2016-03-11,Avicii,False,Taste The Feeling (Avicii Vs. Conrad Sewell),Canciones para videos 
markettes99,Don't Look Down (feat. Usher),2015-03-17,Martin Garrix,False,Don't Look Down (feat. Usher),Canciones para videos 
markettes99,Fakin It (feat. Ofelia K),2016-05-20,Kaskade,False,Fakin It (feat. Ofelia K),Canciones para videos 
markettes99,Boneless (Remixes),2013-09-10,Steve Aoki,False,Boneless,Canciones para videos 
markettes99,I Could Be The One [Avicii vs Nicky Romero],2012-01-01,Avicii,False,I Could Be The One (Avicii Vs. Nicky Romero) - Nicktim / Radio Edit,Canciones para videos 
markettes99,Clarity,2012-01-01,Zedd,False,Clarity,Canciones para videos 
markettes99,Forget The World (Deluxe),2014-01-01,Afrojack,False,Do Or Die - Afrojack vs. THIRTY SECONDS TO MARS Remix,Canciones para videos 
markettes99,On My Way,2015-03-12,Axwell /\ Ingrosso,False,On My Way,Canciones para videos 
markettes99,True Colors,2015-05-15,Zedd,False,I Want You To Know,Canciones para videos 
markettes99,Lions in the Wild,2016-05-27,Martin Garrix,False,Lions in the Wild,Canciones para videos 
markettes99,Blue Sky (ft. Laleh),2016-06-03,CAZZETTE,False,Blue Sky,Canciones para videos 
markettes99,All The Way Up (Remix) (feat. French Montana & Infared) - Single,2016-05-27,Fat Joe,True,All The Way Up (Remix),Canciones para videos 
markettes99,I'm Ready - EP,2014-03-25,AJR,False,I'm Ready,Canciones para videos 
markettes99,I Just Had Sex (Edited Version),2010-01-01,The Lonely Island,False,I Just Had Sex - Edited Version,Canciones para videos 
markettes99,Provocateur,2016-03-18,DJ Antoine,False,Holiday - DJ Antoine Vs Mad Mark 2K15 Radio Edit,Canciones para videos 
markettes99,Next To Me,2015-05-08,Otto Knows,False,Next to Me,Canciones para videos 
markettes99,Until Now,2012-01-01,Swedish House Mafia,False,Greyhound,Canciones para videos 
markettes99,Forbidden Voices,2015-02-23,Martin Garrix,False,Forbidden Voices,Canciones para videos 
markettes99,Back Where I Belong (feat. Avicii),2016-06-03,Otto Knows,False,Back Where I Belong (feat. Avicii),Canciones para videos 
markettes99,My Feelings For You,2010-07-19,Avicii,False,My Feelings For You - Radio Edit,Canciones para videos 
markettes99,Sleepless,2014-05-12,CAZZETTE,False,Sleepless - Radio Edit,Canciones para videos 
markettes99,Ori Tali Ma (LVNDSCAPE Remix),2015-07-13,Sander van Doorn,False,Ori Tali Ma - LVNDSCAPE Remix,Canciones para videos 
markettes99,Automatic,2015-09-25,Kaskade,False,Disarm You (feat. Ilsey),Canciones para videos 
markettes99,This Girl (Kungs Vs. Cookin' On 3 Burners),2016-02-19,Kungs,False,This Girl - Kungs Vs. Cookin' On 3 Burners,Canciones para videos 
markettes99,Revolution (Remixes Pt. 2),2015-05-25,Diplo,False,Revolution (feat. Faustix & Imanos and Kai) - Unlike Pluto Remix,Canciones para videos 
markettes99,Revolution (Remixes Pt. 2),2015-05-25,Diplo,False,Revolution (feat. Faustix & Imanos and Kai) - Absence Remix,Canciones para videos 
markettes99,Howling At The Moon,2016-03-25,Milow,False,Howling At The Moon,Canciones para videos 
markettes99,Cold Water,2016-07-22,Major Lazer,False,Cold Water,Canciones para videos 
markettes99,"Young, Wild & Free (feat. Bruno Mars)",2011-10-11,Snoop Dogg,True,"Young, Wild & Free (feat. Bruno Mars)",Canciones para videos 
markettes99,Waves (Robin Schulz Radio Edit),2014-02-07,Mr. Probz,False,Waves - Robin Schulz Radio Edit,Canciones para videos 
markettes99,No Money,2016-04-01,Galantis,False,No Money,Canciones para videos 
markettes99,Sucker for Pain (with Logic & Ty Dolla $ign feat. X Ambassadors),2016-06-24,Lil Wayne,True,"Sucker for Pain (with Wiz Khalifa, Imagine Dragons, Logic & Ty Dolla $ign feat. X Ambassadors)",Canciones para videos 
markettes99,,,Superhero | MonstaBeatz ♫ | E.L (i'd love to change the world Remix),False,Superhero - MonstaBeatz ♫ - E.L (i'd love to change the world Remix),Canciones para videos 
markettes99,Suicide Squad: The Album,2016-08-05,Twenty One Pilots,False,Heathens,Canciones para videos 
markettes99,American Beauty/American Psycho,2015-01-16,Fall Out Boy,False,Centuries,Canciones para videos 
markettes99,Perfect Strangers,2016-06-03,Jonas Blue,False,Perfect Strangers,Canciones para videos 
markettes99,In the Name of Love,2016-07-29,Martin Garrix,False,In the Name of Love,Canciones para videos 
markettes99,Blurryface,2015-05-15,Twenty One Pilots,False,Ride,Canciones para videos 
markettes99,Closer,2016-07-29,The Chainsmokers,False,Closer,Canciones para videos 
